CODE,NAME
A12R,ALTAIR TURBINE SERVI
A14R,AERO FABRICATORS INC
A21A,AIR 21 INC
A3AR,AMERICAN AIRLINES IN
A4JA,SUN JET INTERNATIONA
A4OR,AERO-MAG INC
A5OR,AIRCRAFTERS OF ENTER
A6WA,AIR WISCONSIN AIRLIN
A6WR,AIR WISCONSIN AIRLIN
A6XA,AIR SOUTH AIRLINES I
A7MA,AIR CARGO MASTERS IN
AA4R,SAWYER AVIATION
AALA,AMERICAN AIRLINES IN
ABFA,AVJET CORPORATION
ABXA,ABX AIR INC
AC1R,TEXAS GAS TRANSMISSI
AC2R,CHEVRON USA INC RADI
ACOR,AIR CARE INC
ACSA,ARCTIC CIRCLE AIR SE
ADKR,ADS AIRCRAFT SERVICE
AE2R,HOUMA AVIONICS
AF4R,AC PROPELLER SERVICE
AG2R,ENGINE COMPONENTS
AHDR,HARRISBURG JET CENTE
AHRR,LAFAYETTE AVIATION I
AHTA,TRI STATE AERO INC
AHTR,TRI STATE AERO INC
AHVR,INDIANA AIRMOTIVE IN
AJ4R,FOOTHILL AIRCRAFT SA
AJCA,ATLANTIC AVIATION FL
AJVA,MUNCIE AVIATION CO
AJVR,MUNCIE AVIATION CO D
AJZA,AVI INC
AJZR,AVI INC
AKGR,EXECUTIVE BEECHCRAFT
AKVR,CENTRAL MISSOURI AVI
AL1R,MURRAY AVIONICS INC
ALGA,OFFSHORE LOGISTICS I
ALGR,OFFSHORE LOGISTICS I
AM2R,MID CONTINENT AIRMOT
AMCR,AMWAY CORP
AMPA,MANAGEMENT AIR TRANS
AMTA,AMERICAN TRANS AIR I
AMVR,SCHOOL OF THE OZARKS
AMWA,AIR MIDWEST INC
AMXA,AIR ASSOCIATES CHART
AMYA,KANSAS CITY AVIATION
AMYR,KANSAS CITY AVIATION
AN3D,UNC CFC ACQUISITION
AN3R,UNC-CFC ACQUISITION
ANCF,AEROVIAS NACIONALES
ANZZ,AIR NEW ZEALAND LTD
AOQA,EXECUTIVE FLITEWAYS
AOSA,WAYFARER AVIATION IN
AOSR,WAYFARER AVIATION IN
APCA,AIRPAC AIRLINES INC
APCR,AIRPAC AIRLINES INC
APJR,PANORAMA FLIGHT SERV
APMA,VENTURA AIR SERVICES
AQCR,AUSTIN AVIONICS
AQHD,EL AERO SERVICES
AQHR,EL AERO SERVICES INC
ARWA,ARROW AIR INC
ARWR,ARROW MAINTENANCE AN
ASAA,ALASKA AIRLINES INC
ASCB,ARAMCO ASSOCIATED CO
ASMY,AEROVIAS DE MEXICO S
ASOA,ATLANTIC SOUTHEAST A
ASTY,AUSTRAL LINEAS AEREA
ASWA,SCENIC AIRLINES INC
ATBA,AIRLIFT TRANSPORT IN
ATWA,AIR TRAILS LLC
ATZA,SKY HARBOR AIR SERVI
ATZR,SKY HARBOR AIR SERVI
AU3R,CORPORATE AVIATION A
AUCG,AERO UNION CORP
AUMR,REDDING AIR SERVICE
AVRA,AVIATION RESOURCES L
AVSA,AVIATION SERVICES LT
AW1R,KAMP AIR AVIATION IN
AW4R,AVIATION SERVICES IN
AWHA,WEST AIR INC
AWKR,WOODLAND AVIATION IN
AWQR,BRIDGEFORD FLYING SV
AWXA,AMERICA WEST AIRLINE
AXSA,WIGGINS AIRWAYS INC
AY55,FFV AEROTECH INC
AYPA,ASSOCIATED AIRCRAFT
AZ2R,BALLOONPORT OF OKLAH
AZVR,MADISONVILLE FLYING
AZWA,CENTRAL AMERICAN AIR
B2ER,BOSHART ENTERPRISES
B2PR,BANYAN AIR SERVICE I
B4GR,B F GOODRICH AEROSPA
B5SR,BLUE-SKY AVIATION IN
B8FR,B F GOODRICH AEROSPA
BAJA,BAKER AVIATION INC
BAKA,BLACKHAWK AIRWAYS IN
BAQA,CORPORATE JETS INC
BAQR,CORPORATE JETS MAINT
BBCA,AIR EAST INC
BCBR,PENN AIR INC
BCFA,AERO NATIONAL INC
BDHA,AIRVANTAGE LLC
BDTR,AMR COMBS
BDVA,HIAWATHA AVIATION OF
BEMA,BEMIDJI AVIATION SER
BERA,CRITICAL CARE SERVIC
BF1R,BRADENS FLYING SERVI
BFJG,"MERCK, ROBERT WARREN"
BFWR,EASTERN AIRCRAFT SAL
BG4R,JOHNSTON AIRCRAFT SE
BGAA,FOLSOMS AIR SERVICE
BHKA,FLIGHT INTERNATIONAL
BHKR,FLIGHT INTERNATIONAL
BIAA,BIG ISLAND AIR INC
BIEA,AERO INDUSTRIES INC
BIER,AERO INDUSTRIES INC
BIGA,BIGHORN AIRWAYS INC
BIOR,PRIOR AVIATION SERVI
BJ3R,VICTOR AVIATION SERV
BJFA,SYRACUSE EXECUTIVE A
BJFR,SYRACUSE EXECUTIVE A
BJNA,TEM ENTERPRISES INC
BKAA,BANKAIR INC
BKHR,SANTA BARBARA AVIATI
BLBR,FORT WAYNE AIR SERVI
BMUA,BAY CITIES MEDICAL S
BN4R,UNITED TECHNOLOGIES
BNGR,APEX FLIGHT SERVICES
BNZR,FLIGHT SERVICES
BOER,BYERLY AVIATION INC
BONR,THE FLIGHTSTAR CORPO
BPGR,BERKSHIRE AVIATION E
BQTA,BUSINESS AIR INC
BQVA,RICHMOR AVIATION INC
BQVR,RICHMOR AVIATION INC
BRDA,BIRD AIR FLEET INC
BS2R,HELICOPTER SPECIALIS
BSAA,BIG SKY TRANSPORTATI
BSMA,AERO FLIGHT SERVICE
BSYA,AIRNET SYSTEMS INC
BSYR,P D Q AIR SERVICE IN
BTEA,BUTTERWORTH AERO MED
BTHA,BIDZY TA HOT AANA CO
BTJR,BUTTE AVIATION INC
BTVA,CHRYSLER PENTASTAR A
BTVR,CHRYSLER PENTASTAR A
BUBA,MCMAHON HELICOPTER S
BUFA,BUFFALO AIRWAYS INC
BUHA,ROYAL AIR FREIGHT IN
BVYA,MIDWEST CORPORATE AV
BVYR,MIDWEST CORPORATE AV
BW2R,TEJAS AVIONICS INC
BWFA,MAC AIR CORP
BWGR,COFFEYVILLE AIRCRAFT
BWIA,NORTHWEST KANSAS REG
BWRR,YINGLING AIRCRAFT IN
BX2R,DOSS AVIATION INC
BX4R,BEEGLES AIRCRAFT SER
BXOA,HELICOPTER FLITE SER
BXOR,HELICOPTER FLITE SER
BXSA,RADER AVIATION INC
BXSR,RADER AVIATION INC
C1HA,GRAND HOLDINGS INC
C2SA,CHARTERSTAR INC
C2TA,CAROLINA AIR TRANSIT
C2XA,CONTINENTAL EXPRESS
C3FR,CF AIRTRONICS INC
C6PA,COLUMBIA PACIFIC AVI
C6YR,C AND G AIRCRAFT INC
CAKA,ARLINGTON LEASING IN
CALA,CONTINENTAL AIRLINES
CANA,AVIATION METHODS INC
CAXG,ARIS HELICOPTERS LTD
CB5Y,CSE AVIATION LTD
CB9T,SPARTAN SCHOOL OF AE
CBCR,CASPER AIR SERVICE I
CCAR,CHESTER COUNTY AVIAT
CDIS,QUEEN CITY AVIATION
CE4R,AVIATION ELECTRONICS
CE8S,COMAIR AVIATION ACAD
CECA,SOMERSET AIR SERVICE
CENA,CENTURY AIRLINES INC
CF4R,STATE OF ALASKA
CFCA,PROMPT AIR INC
CGFR,LUMANAIR INC
CGHR,ELLIOTT AVIATION OF
CGOR,RAYTHEON AIRCRAFT SE
CHIA,COLUMBIA HELICOPTERS
CHIR,COLUMBIA HELICOPTERS
CHQA,CHAUTAUQUA AIRLINES
CHRA,VIKING EXPRESS INC
CICA,PARADISE ISLAND AIRL
CIER,MAYO AVIATION INC
CISY,CARGOLUX AIRLINES IN
CKSA,AMERICAN INTERNATION
CL4R,US DEPARTMENT OF INT
CLCA,CHALLENGE AIR CARGO
CM2R,AUTOPILOTS CENTRAL I
CMDF,COMPANIA MEXICANA DE
CMWA,PREMIER JETS INC
CMXR,DEPT OF POWER AND TR
CNQR,CESSNA AIRCRAFT CO
CO4R,TESTING INSTITUTE OF
COEA,EMPIRE AIRLINES INC
COMA,COMAIR INC
COZA,KAISERAIR INC
COZR,KAISERAIR INC
CQVA,CHARLES CITY AERONAU
CQVR,CHARLES CITY AERONAU
CR1R,LAURENCE AIRCRAFT EL
CRJA,HAPS AIR SERVICE INC
CRJR,HAPS AIR SERVICE INC
CS2R,GLOBE X RAY SERVICES
CS3R,FRESNO JET CENTER IN
CSAA,CAPE SMYTHE AIR SERV
CSLR,LINDNER AVIATION INC
CSNR,NIEDERHAUSER AIRWAYS
CSRR,MARSHALLTOWN AVIATIO
CSVA,DENISON AVIATION INC
CSVR,DENISON AVIATION INC
CT3R,LYCON AIRCRAFT ENGIN
CU4R,NORTHERN LIGHTS AVIO
CUIA,SHANAIR INC
CV3R,PENLAND HELICOPTER R
CVGA,CVG AVIATION INC
CW1R,IBM CORP
CW7R,CORPORATE WINGS SERV
CWBR,AVIATION SALES INC
CWNR,AIR 88 INC
CWQA,AMERICAN AIR SERVICE
CWQR,AMERICAN AIR SERVICE
CWTA,SUNBIRD AIR SERVICES
CWXA,EAGLE AERO INC
CX7A,CHICAGO EXPRESS AIRL
CY1R,SIGNATURE FLIGHT SUP
CY4R,ALASKAN AIRCRAFT ENG
CYHR,CHERRY HELICOPTERS I
CYXR,CITY OF CEDAR RAPIDS
CZPA,CONTEMPORARY AVIATIO
CZUA,MAC DAN AVIATION
D2KR,AMERATECH AVIATION I
D2TR,DUELL TECHNOLOGIES I
DALA,DELTA AIR LINES INC
DAMA,DIAMOND FLITE CENTER
DATA,AIR CARGO CARRIERS I
DBCA,SCOTT AVIATION INC
DC2R,CUSTOM AIRMOTIVE INC
DCGA,JACK HARTER HELICOPT
DCRA,CIRCLE RAINBOW AIR I
DDER,CHANNEL ISLANDS AVIA
DDNR,DAEDALUS INC
DEBA,EXECUTIVE BEECHCRAFT
DEBR,EXECUTIVE BEECHCRAFT
DECR,DECATUR AVIATION INC
DELR,UNITED EXECUTIVE JET
DFUR,DYNCORP-FT RUCKER DI
DHLA,DHL AIRWAYS INC
DIHA,DRAGON AIR INC
DINA,GPI AVIATION INC
DINR,GPI AVIATION INC
DJ3R,"SLOOP, JOHN R"
DJFA,MILLER AVIATION INC
DJFR,MILLER AVIATION INC
DJSA,IFL GROUP INC
DJSR,IFL GROUP INC
DJXA,TRADEWINDS AVIATION
DKAA,RELIANT AIRLINES INC
DKBA,AIR CARRIERS INC
DKKA,"JAAX, GERHARD JACK"
DM4R,AIRCRAFT SYSTEMS DIV
DMCA,THE BANNER GROUP INC
DMWC,"DELEO, DENNIS MICHAE"
DO9T,COCHISE COLLEGE
DP2R,BONDED INSPECTIONS I
DPOD,GREAT WESTERN AVIATI
DPOR,GREAT WESTERN AVIATI
DQ4R,SOUTHEASTERN PROPELL
DQFA,SUNWEST AVIATION INC
DQFR,SUNWEST AVIATION INC
DQIR,BARKEN INTERNATIONAL
DRRR,DEL RIO AVIATION INC
DRUA,CROW EXECUTIVE AIR I
DSBR,BAKER AIRCRAFT TECHN
DSCR,NATIONAL FLIGHT SERV
DSEA,CORPORATE WINGS INC
DTEA,AM AIR INC
DTXA,TIFFIN AIRE INC
DU4R,AERO CORP
DV1R,NARCO AVIONICS SVC
DVPA,MOODY BIBLE INSTITUT
DVPR,MOODY BIBLE INSTITUT
DVPS,MOODY BIBLE INSTITUT
DVYA,TRANS-EXEC AIR SERVI
DWHA,SPIRIT AVIATION INC
DWSR,RALEIGH FLYING SERVI
DXTA,EXECUTIVE JET AVIATI
DXTR,EXECUTIVE JET SALES
DY1R,HENRY WEBER ACFT DIS
DYPR,DOUBLE G AVIATION
DYTR,SHELTAIR DAYTONA BEA
DZWR,HANSEN FLYING SERVIC
E5RR,ALLIEDSIGNAL ENGINES
E9LA,EMPIRE AIRWAYS INC
E9WA,EASTWIND AIRLINES IN
EA4R,MONTGOMERY AVIATION
EAPA,WELCH AVIATION INC
EASA,EMPIRE AERO SERVICES
EASR,SAIR AVIATION DIVISI
EATA,SUPERIOR AVIATION IN
EATD,SUPERIOR AVIATION
EATR,SUPERIOR AVIATION
EB1R,STAMBAUGHS AIR SERVI
EBRA,CORPORATE AVIATION I
EBVD,KAL AERO INC
EBVR,KAL AERO INC
EC1R,HERSHEY FOODS CORP
EC3R,GULFSTREAM AEROSPACE
ECAA,EAST COAST AVIATION
ECBA,FAST DELIVERY INC
ECPR,FLIGHT SAFETY INTERN
ECTA,JONES FLYING SERVICE
ED1R,TEXTRON LYCOMING SER
EDEA,TAMPA FLYING SERVICE
EDER,TAMPA FLYING SERVICE
EE4Y,COOPERATIVA DE SERVI
EEAR,RIVERSIDE AIR SERVIC
EF2R,ASTRAEA AVIATION SER
EG4R,AERO ELECTRONICS INC
EGCA,RAINBOW AVIATION
EGQA,MIDLANTIC JET CHARTE
EGRA,KEYSTONE HELICOPTER
EGRR,KEYSTONE HELICOPTER
EH1R,PENNSYLVANIA STATE P
EHAA,EVERGREEN HELICOPTER
EHHA,RONSON AVIATION INC
EHHR,RONSON AVIATION INC
EI4R,"MAGAGNOS, WILLIAM F"
EIAA,EVERGREEN INTERNATIO
EIDA,ABC HELITOURS INC
EIPA,SAWYER AVIATION INC
EIPR,SAWYER AVIATION INC
EISA,EXPRESS ONE INTERNAT
EIYR,SUPERSTITION AIR SER
EJ4R,AIRMOTIVE INC
EJYA,SOUTHWEST HELICOPTER
EK2D,JORDAN PROPELLER SER
EKG2,CUTTER AVIATION INC
EKGA,CUTTER AVIATION INC
EKGR,CUTTER AVIATION INC
EKIA,SUN WESTERN FLYERS I
EKIR,SUN WESTERN FLYERS I
EKQA,KETCHIKAN AIR SERVIC
ELOA,TRANS ALASKA HELICOP
ELRA,KETCHUM AIR SERVICE
EN4R,ALABAMA AVIATION AND
ENVR,AVIATION ENGINE SERV
EONA,ILIAMNA AIR TAXI INC
EOOL,SOLOY HELICOPTERS IN
EOOR,SOLOY HELICOPTERS IN
EOPA,AIR LOGISTICS OF ALA
EOPL,AIR LOGISTICS OF ALA
EOPR,AIR LOGISTICS OF ALA
EQGA,EXEC EXPRESS II INC
ERA2,ERA AVIATION INC
ERAA,ERA AVIATION INC
ERHA,RUSTS FLYING SERVICE
ERKR,EVERGREEN AIR CENTER
ERYR,RAYTHEON AIRCRAFT SE
ESAA,ESCAPE AVIATION
ESER,HILL AIRCRAFT AND LE
ETER,LOWE AVIATION COMPAN
ETHA,SMITHAIR INC
EVCR,AIR EVAC EMS INC
EVGL,J A A R S INC
EVGR,JUNGLE AVIATION AND
EW7A,EASTWAY AIRCRAFT SER
EWGR,ATLANTIC AERO INC
EWPA,RAS INC
EX2R,CHROMALLOY GAS TURBI
EY2R,AIRCRAFT PROPELLER S
EYKR,JET AVIATION ASSOCIA
EYLA,TWIN TOWN LEASING CO
EZ1R,XEROX CORP
F2PA,DOLPHIN ATLANTIC AIR
F3LA,FRONTIER AIRLINES IN
F3PR,FOSTERS PROPELLER SE
F5MA,FLIGHT MANAGEMENT IN
F6LM,FLORIDA POWER AND LI
FAHA,AIRWAYS INTERNATIONA
FB2R,GULFSTREAM AEROSPACE
FBQR,FLITE COMPONENTS INC
FC6R,HELICOPTER MAINTENAN
FCP5,FLIGHT CRAFT
FCPR,FLIGHTCRAFT INC
FCYA,MICRONESIAN AVIATION
FDEA,FEDERAL EXPRESS CORP
FE4R,AERO TWIN INC
FE6R,WESTERN AIRCRAFT INC
FEHR,EAGLE AVIATION INC
FF6R,"NIELSEN, JOHN H"
FFSA,FRONTIER FLYING SERV
FFVA,FALCON AVIATION INC
FFVR,FALCON AVIATION INC
FG5R,CAMERON AIRCRAFT INT
FG6R,PRECISION PROPELLER
FGHA,HAINES AIRWAYS INC
FGQR,BULLFROG INC
FI2R,DEE HOWARD CO
FIUA,MBD CORP
FJ1R,ISLIP AVIONICS INC
FK8R,FREEWAY AIRPORT INC
FKVA,TRANS AERO CORP
FKWR,AMR COMBS - MEMPHIS
FLTA,FLIGHT TRAILS
FMOR,CENTRAL FLORIDA AIR
FOWA,WRA INC
FPGR,BAMA AIR INC
FPIA,FLIGHT EXPRESS INC
FQ6R,WESTERN AIRCRAFT PRO
FQLR,NORTH ATLANTIC AIR I
FQQR,FAIREY HYDRAULICS IN
FR6R,ROCKY MOUNTAIN PROPE
FSEA,MAINE AVIATION CORP
FTKR,FLIGHTLINE AERO SERV
FTUR,NORTHEAST AIR INC
FUBA,FLIGHT SERVICES GROU
FUXR,CONSOLIDATED FUEL SY
FV1R,RAYTHEON AIRCRAFT SE
FVAA,SHORELINE AVIATION I
FVYA,FLYING BOAT INC
FW7A,HELICOPTER TRANSPORT
FW7D,HELICOPTER TRANSPORT
FW7R,HELICOPTER TRANSPORT
FWCG,"FARROW, SAMMIE JR"
FWTA,FLORIDA WEST AIRLINE
FX7A,FALCON AIR EXPRESS
FXLA,FINE AIRLINES INC
FZ1R,KERNS MANUFACTURING
FZRA,TURBO AIR INC
G2AR,GENERAL AVIATION SER
G2LR,NORTHROP GRUMMAN MEL
G7CR,CESSNA AIRCRAFT COMP
G8CA,GSC AVIATION
G9CR,DES MOINES FLYING SE
G9NR,GENERAL AERO SERVICE
GAIA,KITTY HAWK AIRCARGO
GAJA,MOUNTAIN BIRD INC
GBBR,CONYAN AVIATION INC
GBWA,MCCALL AIR TAXI INC
GCNA,GRAND CANYON AIRLINE
GCVG,BUTLER AIRCRAFT CO
GDGA,GOLDSTAR SERVICES IN
GDMA,HELI-JET CORP
GFER,AERO AIR INC
GGCR,RMA INC
GGNR,NOLAND-DECOTO FLYING
GGPA,METHOW AVIATION INC
GGSA,INTER-STATE AVIATION
GIKR,NORDSTROM
GJAA,WINGS ALOFT INC
GJPY,GUANGCHOU AIRCRAFT M
GJQA,WEYERHAEUSER CO
GJQR,WEYERHAEUSER CO
GJRA,KENMORE AIR HARBOR I
GK4Y,AIR TERMINAL SERVICE
GKIG,GLACIER HELICOPTER I
GL5R,HOT AIR REPAIR DEPOT
GLBA,GREAT LAKES AVIATION
GLBR,GREAT LAKES AVIATION
GLQR,BAKER AIRCRAFT
GMAL,LOUISIANA PACIFIC CO
GMCR,GENERAL MOTORS AIR T
GMZ2,CUTTER FLYING SERVIC
GMZR,CUTTER FLYING SERVIC
GN1R,GRIFFIN AVIONICS INC
GNBA,SOUTH AERO INC
GNER,INTERNATIONAL AVIATI
GNLA,SEVEN BAR FLYING SER
GNMA,GALLUP FLYING SERVIC
GOGR,REEBAIRE AIRCRAFT IN
GONA,FOUR CORNERS AVIATIO
GP5R,DIAMOND AVIONICS AND
GPPA,GP EXPRESS AIRLINES
GPQR,AVIA FLIGHT SERVICES
GPWR,SUN BELT AVIATION IN
GQFG,GARRETT FLYING SERVI
GQLA,STERN AIR INC
GQRA,TXI AVIATION INC
GQRR,TXI AVIATION INC
GQVR,RR INVESTMENTS INC
GR4R,GULFSTREAM AEROSPACE
GR5R,KROGER CO
GRAA,TARGET AIRWAYS LTD
GS1R,HELICOPTER AVIATION
GST2,ABILENE AERO INC
GSTR,ABILENE AERO INC
GTIA,SPIRIT AIRLINES INC
GUMR,CHRYSLER TECHNOLOGIE
GUUA,GULFSTREAM INTERNATI
GUZA,AVIEX JET INC
GVNA,THE HERMANN TRUST
GW1R,CHEYENNE AIR SERVICE
GW4R,GARRETT AVIATION SER
GXPA,GRAND AIRE EXPRESS I
GYWR,WEST TEXAS GAS INC
H2OA,AIR-HI-O CORPORATION
H2SR,HAMILTON STANDARD RE
H5LR,HELENA AIRCRAFT INC
H7LA,AIR LIFT HELICOPTERS
HAEA,CHAPARRAL INC
HALA,HAWAIIAN AIRLINES IN
HAXR,MIDCOAST LITTLE ROCK
HBKR,CENTRAL FLYING SERVI
HC6R,SKY SERVICES INC
HCHA,"FINKBEINER, CHRIS"
HCMA,HELICOPTER CONSULTAN
HD6R,MATSUSHITA AVIONICS
HDNA,METRO AVIATION INC
HDNR,METRO AVIATION INC
HE4R,KOSOLA AND ASSOC
HEEA,PETROLEUM HELICOPTER
HEED,PETROLEUM HELICOPTER
HEER,PETROLEUM HELICOPTER
HERA,MARKAIR EXPRESS INC
HF5R,RICHLAND AVIATION IN
HGTA,CORPORATE AVIATION S
HHMA,VICTORIA AVIATION SE
HHXA,HASKI AVIATION INC
HI1R,STEAD AVIATION CORP
HI5R,CESSNA AIRCRAFT CO
HIAA,HELICOPTER ADVENTURE
HIAR,HELICOPTER ADVENTURE
HIMR,AUSTIN JET AIRPLANES
HKGA,BERRY AVIATION INC
HLWR,LEGACY AVIATION
HM4R,"HARLESS, ROBERT E"
HMDA,CHARLIE HAMMONDS FLY
HMGR,TULSAIR BEECHCRAFT I
HNAA,PIEDMONT AIRLINES IN
HNXG,SPANISH FORK FLYING
HR8S,COCHISE COMMUNITY CO
HRMA,DIRECT FLIGHT INC
HSRA,LYNCH FLYING SERVICE
HSYA,CORPORATE AIR
HT3R,AIR PRO INTERNATIONA
HTFG,"HATFIELD, WILLIAM G"
HTIG,HELIFLIGHT INC
HUNR,GALVIN FLYING SERVIC
HUQA,HUSKER AIRCRAFT REPA
HVHA,"ZACH, ORIN"
HW4R,SOUTHERN AVIONICS AN
HW8S,TRAVIS AFB AERO CLUB
HWCA,UNIVERSITY OF TENNES
HWVR,HAWAII HELICOPTERS I
HX1R,C AND W AEROSERVICES
HXSA,TEMSCO HELICOPTERS I
HXSR,TEMSCO HELICOPTERS I
HXXC,LAKE CLARK AIR INC
HYEC,VALDEZ AERO SERVICES
HYIA,HYANNIS AIR SERVICE
HYQA,VILLAGE AVIATION INC
HZNR,HUTT AVIATION
HZXA,HORIZON HELICOPTERS
IBIR,DULLES AVIATION INC
IC2R,THUNDERBIRD ACCESSOR
IEER,AIR FLITE INC
IG1R,BARD AIR CORP
IGXR,VALLEY AIR SERVICES
IH3R,SABRETECH INC
IIFR,INDUSTRIAL HELICOPTE
IIMA,MINNESOTA JET
IIRR,WILLMAR AIR SERVICE
IJDA,INTERNATIONAL JET AV
IKBR,THE OHIO STATE UNIVE
IKKA,"HICKS, JAMES S"
ILDA,ISLAND HELICOPTERS K
ILIR,MARSH AVIATION COMPA
IMJA,GENERAL AVIATION FLY
IMKA,EXECUTIVE AIR FLEET
INDA,INDIANAPOLIS HELIPOR
INDR,INDIANAPOLIS HELIPOR
IOAA,EAGLE HELICOPTERS IN
IPXA,UNITED PARCEL SERVIC
ISCA,ISLAND AIR CHARTERS
ISYA,STARK AIRWAYS INC
IU6R,AERO-CONTROLS INC
IUJA,JIM AIR INC
IV2R,DIGITAL AND LINEAR S
IW1R,CESSNA AIRCRAFT COMP
IX1R,LUCAS INDUSTRIES INC
IX3R,B A E AVIATION INC
IXFR,IASCO FLIGHT CENTER
IXKA,KIWI INTERNATIONAL A
IXXA,AIR TRANSPORT INTERN
IY2R,BIZJET INTERNATIONAL
IY8S,JAX NAVY FLYING CLUB
IYOR,AIR TRANSPORT TRAINI
IZ2R,INTERCONTINENTAL JET
J2BR,J B TESTING INC
J7SA,JET SOLUTIONS LLC
J8SR,JASPER FLIGHT SERVIC
JA2R,AUSTIN JET HELICOPTE
JA6R,"KEATING, ROY E"
JA7A,JOHNSTON AVIATION CO
JAVR,JET AVIATION OF AMER
JBXA,MIDWAY AIRLINES CORP
JEMR,ELLIOTT AVIATION DES
JGBA,GENEVA INTERNATIONAL
JGVA,DUNCAN AVIATION INC
JGVR,DUNCAN AVIATION INC
JIKA,AMERIFLIGHT INC
JIKR,AMERIFLIGHT INC
JJBA,CHAMPLAIN ENTERPRISE
JL6R,TWIN OAKS AIRPARK IN
JLFL,SOUTHERN CALIFORNIA
JM1R,CHROMALLOY RESEARCH
JO1R,UNION CAMP CORP
JOGA,RASMARK JET CHARTER
JOVR,JOE VAUGHN SPRAYING
JQXR,"JUDKINS, RICHARD HIR"
JR2R,AAR OKLAHOMA INC
JRAA,RHOADES AVIATION INC
JSNR,PACIFICORP TRANS INC
JSYL,SCENIC RIVER HELICOP
JT2R,JRS ENTERPRISES INC
JT8S,WRIGHT PATTERSON AFB
JU2R,FORD MOTOR CO-AIR TR
JUJR,JOHN JEWELL AIRCRAFT
JV2R,SABRELINER CORP
JVBR,AJ AEROSPACE INC
JW4R,MIAMI HELICOPTER SER
JW5R,AIRTRONICS INC
JXPA,SKY BRIGHT INC
JYDR,ERICKSON AIR-CRANE C
JYER,CROMAN CORP
JZBR,JET AVIATION OF AMER
JZIR,JET SERVICES INC
JZYR,PREMIER AIRCRAFT ENG
K5SR,KEYSTONE AVIATION LL
KBBA,AIR PATH INC
KC2R,AIRCRAFT SYSTEMS INC
KCDA,BULLDOG AIRLINES INC
KD4R,SOUTH FLORIDA AIRCRA
KE2R,HONEYWELL INC
KG4R,CERTIFIED ENGINES UN
KH4D,UNITED AERODYNAMICS
KI2R,COLLINS FLIGHT OPERA
KJ4R,THE CESSNA AIRCRAFT
KKFA,KALITTA FLYING SERVI
KKYA,KEY AIR INC
KL1R,DANA CORP
KN2R,ROCKWELL INTL CORP C
KO1R,RAMAPO HELICOPTERS I
KO2R,MONTICELLO AVIATION
KO8V,GRIFFITH AVIATION IN
KPVA,ALOHA ISLANDAIR INC
KQ3R,SPIRIT AVIATION INC
KRTR,PENSACOLA AVIATION C
KT3R,GORDON B HAMILTON CO
KU2R,SPENCER AVIONICS INC
KUVR,BISCAYNE HELICOPTER
KVJA,MAY AIR XPRESS
KY1R,MARYLAND STATE POLIC
L4JR,LEARJET INC
LBTA,AIR NEWARK INC
LC1R,FREDERICK AVIATION I
LCF2,EVERGREEN HELICOPTER
LCFA,EVERGREEN HELICOPTER
LCFR,EVERGREEN HELICOPTER
LCPR,BOCA AIRPORT INC
LCPS,BOCA AVIATION
LE6R,L E A INC
LEGR,K-C AVIATION
LF1R,SKY TECH INC
LF3R,CRUISE AIR AVIATION
LFQA,LITCHFIELD FLYING LT
LH3R,HELI SUPPORT INC
LH5R,MILES INC
LHOA,FARE SHARE LTD
LJER,HILLSBORO AVIATION I
LJQR,KCI ENTERPRISES INC
LM3R,AIRLINE INTERIORS IN
LN3R,CORPORATE JETS MAINT
LNCR,MIDWAY AVIATION INC
LOVA,EMANUEL HOSPITAL
LP8S,"GOULIAN, MYRON"
LQYA,LYDDON AERO CENTER I
LS1R,AG ROTORS INC
LU4R,PALM BEACH AIRCRAFT
LVAA,LAS VEGAS AIRLINES I
LVTR,AVTEL SERVICES INC
LW5R,ANDREWS UNIVERSITY A
LX2R,WESTJET AIR CENTER I
LX4R,PRO-TECH AVIATION SE
LX5R,STATE OF ILLINOIS DO
M3HA,MAHALO AIR INC
M3XA,MED-TRANS CORPORATIO
M5WL,MOUNTAIN WEST HELICO
MA5R,CATERPILLAR INC
MALA,MESABA AVIATION INC
MASA,MESA AIR GROUP INC
MASR,DESERT TURBINE SERVI
MCCA,MCNEELY CHARTER SERV
MCIR,PREMIER AVIATION INC
MDGA,MEDJET INTERNATIONAL
ME4D,AVIATION PROPELLERS
ME4R,AVIATION PROPELLERS
MEJA,MERLIN EXPRESS INC
MFGA,CRITICAL CARE MEDFLI
MFLA,EXECUTIVE FLIGHT INC
MFNY,MT-PROPELLER
MG4R,SUNDSTRAND CORPORATI
MGJA,AVIANCE INTERNATIONA
MGMA,GRAND HOLDINGS INC
MGOR,ELLIOTT AVIATION OF
MI2R,HETRICK AIRCRAFT INC
MIRA,MILLON AIR INC
MJ1R,UNC CFC ACQUISITION
MJ7R,MIDWEST JET CENTER I
MLQA,MARTIN AVIATION L P
MMZR,EAST WEST HELICOPTER
MNTA,MOUNTAIN VIEW AEROMO
MOXA,MARO AVIATION INC
MQPA,MID-PLAINS AVIATION
MR2A,AVIONIC SYSTEMS INC
MRKA,MARKAIR INC
MS2R,LIL RED AERO INC
MT2R,LINCOLN PARACHUTE LO
MT9R,MARTINAIRE INC
MTNA,MOUNTAIN AIR CARGO I
MUAA,MURRAY AVIATION INC
MUCR,THE CESSNA AIRCRAFT
MWEA,MIDWEST EXPRESS AIRL
MWER,MIDWEST EXPRESS AIRL
MWRG,DOWNSTOWN AIRPORT IN
MXIA,MARTINAIR INC
MXSR,MIDWEST AERO SUPPORT
MY2R,CENTRAL CYLINDER SER
MYSA,MERCY AIR SERVICE IN
MYWA,MIAMI AIR INTERNATIO
MZ4R,RAYTHEON AIRCRAFT SE
MZAR,ST MOBILE AEROSPACE
MZER,MODERN AERO INC
MZZA,CONTINENTAL MICRONES
N3VR,NAVCOM AVIATION INC
NACA,NORTHERN AIR CARGO I
NADA,NORTHERN AIRWAYS INC
NAKA,NICHOLS AVIATION INC
NCLR,NOREAST AVIATION SER
NE2R,B AND S AIRCRAFT PAR
NE3R,CESSNA AIRCRAFT CO
NF2R,JOLIET AVIONICS INC
NH2D,AEROTRONICS INC
NIEG,AVAG INC
NJ1R,PENN YAN AERO SERVIC
NN3R,IASCO
NO1Y,MARSHALL OF CAMBRIDG
NO3D,AMERITECH INDUSTRIES
NO3R,AMERITECH INDUSTRIES
NOCA,NORTH AMERICAN AIRLI
NOMB,NOMADS INC
NOZR,NORTHROP CORPORATION
NQ2R,HAGELIN AIRCRAFT MOT
NQ3R,PACIFIC PROPELLER IN
NS4R,CAPITAL AVIONICS INC
NT2R,WELLS AIRCRAFT INC
NT3R,"LOEWEN, PAUL E"
NTBR,NORTHSTAR AIR EXPRES
NTLA,NORTHLAND AVIATION I
NU1R,MEAD CORP
NU2R,AERO MACH LABS INC
NV1R,NCR CORP AVIATION DI
NV2R,AERO ELECTRIC INC
NVEA,FLAGSHIP AIRLINES IN
NVIA,JET EAST INC
NVIR,JET EAST INC
NVMR,NAVCOM AVIATION INC
NVVR,SANSAA AIRCRAFT PART
NW4R,NORTHEAST FLORIDA AI
NWAA,NORTHWEST AIRLINES I
NX42,EMBRY RIDDLE AERONAU
NXTA,NORTH CENTRAL TEXAS
NYBA,NEW YORK HELICOPTER
NZBR,SILVER BAY LOGGING I
NZUR,SABRELINER CORPORATI
NZZA,NORTHEAST AVIATION I
OAER,F ATLEE DODGE AIRCRA
OAWA,AIR CAROLINA INC
OD1R,COMPRESSED AVIATION
ODMR,DORNE AND MARGOLIN I
OENR,ERNIES AIRCRAFT SERV
OEZA,EAGLE CANYON AIRLINE
OF1R,MONMOUTH AIRCRAFT SV
OF3R,MIKES AERO
OG2R,BALLOONS ALOFT
OG5R,UNIVERSITY OF NORTH
OGCB,CONTRACT AIR CARGO
OHER,HAMILTON STANDARD EL
OHGA,H AND H AVIATION INC
OIZA,EAGLE JET CHARTER IN
OL3R,AVITECH ENGINEERING
OLJA,MILTON S HERSHEY MED
OLKR,LORAVCO SERVICES
OM4R,CYPRESS AVIATION INC
OMKR,ROCKY MOUNTAIN STRAI
ONFR,O AND N AIRCRAFT MOD
OQ5R,BECKETT ENTERPRISES
ORJA,RENO AIR INC
OS5D,CLEVELAND JET CENTER
OSYA,SKY CHARTER INC
OUGR,"BURROUGHS, JAMES AND"
OW2R,TECUMSEH AIRCRAFT
OW4R,SUNSTATE PROPELLER I
OWFR,WORLDWIDE AIRCRAFT S
OYSR,AVIATION RESEARCH SY
OZZR,J L OSBORNE INC
P2EA,VANGUARD AIRLINES IN
P2MR,PENINSULA AIR METALS
P3NR,CENTRAL PENNSYLVANIA
P5CA,POLAR AIR CARGO INC
P9IA,NAVCOM AVIATION II I
PA1R,AVIONICS TECHNOLOGY
PAI5,PIEDMONT AVIATION IN
PAIR,PIEDMONT AVIATION IN
PAJA,PAB AVIATION INC
PAWR,PENNSYLVANIA AVIATIO
PAZR,PREMIER AIR CENTER I
PB2R,LY CON AVIATION INC
PB4R,PRECISION AIR INC
PC4R,NORTH AMERICAN INSTI
PCAA,ALLEGHENY AIRLINES I
PCGA,"POSEY, J CHRIS"
PCPR,RANCHO MURIETA AIRPO
PCSA,AMERIJET INTERNATION
PE4A,GRAND STRAND AVIATIO
PG2R,RON COLLINS AVIATION
PGLR,H AND L ACCESSORIES
PI4R,MEMPHIS PROPELLER SE
PIDA,PIEDMONT AVIATION SE
PIQR,PIEDMONT AVIATION SE
PIVA,PACIFIC ISLAND AVIAT
PIVR,PACIFIC ISLAND AVIAT
PJMA,PROMECH INC
PJYR,SIGNATURE FLIGHT SUP
PJZA,PACIFIC WEST AIRLINE
PLGA,BUSINESS EXPRESS INC
PN1R,STERLING HELICOPTER
PN5R,CENTURY HELICOPTERS
PNAA,PANAMA AVIATION INC
PNSA,PENINSULA AIRWAYS IN
PP0M,PASADENA POLICE DEPA
PR5R,DAKOTA AERO TECH INC
PRIA,PAL-WAUKEE AVIATION
PRIR,PALWAUKEE AVIATION I
PS9R,PACIFIC SCIENTIFIC C
PSLA,PREMIER AVIATION INC
PW2R,AEROSONIC CORP
PX1R,AIR CRUISERS CO
PX3R,PACAERO
QA9R,QUALITY AVIONICS
QD1Y,H AND S AVIATION LTD
QD5R,PRECISION AIR POWER
QE5R,S AND B INDUSTRIES I
QEVR,AIR EVAC INC
QFCA,CANYON FLYERS AVIATI
QFGS,AIRMAN FLIGHT SCHOOL
QFVR,MCI FLIGHT OPERATION
QGIR,GENTZ INDUSTRIES L L
QGXA,ORANGE COUNTY SUNBIR
QH5R,MET CHEM TESTING LAB
QHSR,HELIPLEX SERVICES IN
QJ5R,GARLICK HELICOPTERS
QK2R,K C AVIATION INC
QK4Y,AVIASERVICE C A
QKKR,ARN-AIR
QKZA,AIRLINK INC
QLIA,NEWMAX CORPORATION
QLMY,QANTAS AIRWAYS LTD
QMLR,AIR METHODS INC
QMZR,MILLION AIR-READING
QOCY,EVA AIRWAYS CORPORAT
QP4R,RICH INTL AIRWAYS IN
QQSY,ST AEROSPACE ENGINEE
QT2R,AIRWORK CORP
QT3R,ALLIED BENDIX AEROSP
QTVR,TRANSPORTATION SYSTE
QU2R,ATLANTIC AVIATION CO
QX2R,MATTITUCK AIRBASE IN
QXEA,HORIZON AIR INDUSTRI
QY5R,LINCOLN LABORATORY F
QZRR,MOORE COUNTY AIRPORT
R2JR,RICHMOND JET CENTER
R3R2,RAYTHEON AEROSPACE S
R7LR,LEGG AVIATION INC
R7MA,ROCKY MOUNTAIN HOLDI
R7MR,ROCKY MOUNTAIN HOLDI
RA1R,GREENWICH AIR SERVIC
RAAA,REEVE ALEUTIAN AIRWA
RAIA,TRANS STATES AIRLINE
RB6R,RENAISSANCE BALLOONS
RBCF,AIR B C LIMITED
RC2R,NEW ENGLAND PROPELLE
RD3R,SABRETECH INC
RD43,AVIALL INC
RD4D,AVIALL INC
RENA,RENOWN AVIATION INC
REXA,EXPRESS AIRLINES I I
RG1R,AERCO
RG2R,AEROTHRUST CORP
RH6R,RICHILL INCORPORATED
RIAA,RICH INTERNATIONAL A
RIVA,CARNIVAL AIR LINES I
RJ1R,PEMCO WORLD AIR SERV
RJ3R,HAWKER PACIFIC INC
RJEF,TACA INTERNATIONAL A
RJEY,TACA AEROMANTENIMIEN
RKWA,SAWTOOTH FLYING SERV
RL4R,EXECUTIVE ACCESSORIE
RL8R,RICE LAKE AIR CENTER
RMMA,REMMERS AVIATION INC
RMMR,REMMERS AVIATION INC
RMXA,OMNIFLIGHT HELICOPTE
RNVA,AIR NEVADA AIRLINES
RO2R,TIM MCCANDLESS INC
RO3R,MIDCOAST AVIATION IN
ROSA,ROSS AVIATION INC
ROSR,ROSS AVIATION INC
RPFB,ABC AVIATION INC
RR4R,BRUBAKER PROPELLER S
RRXA,EMERY WORLDWIDE AIRL
RRXR,EMERY WORLDWIDE CONT
RSUA,AVIATION RESOURCES I
RSUR,AVIATION RESOURCES I
RT2R,INDIANA STATE POLICE
RTAR,TRUMAN ARNOLD COMPAN
RU2R,OVERLAND AVIATION SE
RU3A,OFFICE OF AVIATION S
RW1R,COMPOSITE TECHNOLOGY
RX7R,REGIONAL AIR INC
RX8R,RAYTHEON AEROSPACE C
RYNA,RYAN INTERNATIONAL A
S2VR,SOUTHERN VIRGINIA AV
S2YA,ASTRAL AVIATION INC
S3BM,SANTA BARBARA AEROSP
S3BR,SANTA BARBARA AEROSP
S4FA,PACIFIC INTERNATIONA
S5TA,SCENIC AIR TOURS INC
S5WR,SOUTHWEST AERO TECHN
S9HA,SILVERADO HELICOPTER
SABA,CCAIR INC
SBOF,SINGAPORE AIRLINES L
SCNA,SUN COUNTRY AIRLINES
SCOF,PHILIPPINE AIRLINES
SDIG,RICELAND AVIATION IN
SF3R,CHANDLER EVANS INC
SF5R,MERL INC
SFOA,SENECA FLIGHT OPERAT
SH5R,BOMBARDIER AVIATION
SH6Y,SHANNON AEROSPACE LI
SI3R,UNITED TECHNOLOGIES
SI6R,SIERRA INDUSTRIES IN
SI9Y,SMITH INDUSTRIES AER
SIMA,SIMMONS AIRLINES INC
SJ1R,INTERTURBINE CORP
SJ7R,SOUTHERN JET MANAGEM
SK5R,TURBINE COMPONENT RE
SL3R,HELICOPTER SERVICES
SL52,THREE WING AVIONICS
SL5R,THREE WING AVIATION
SLIA,SALAIR INC
SMPA,SAMOA AVIATION INC
SMTR,SUMMIT AVIATION INC
SN3R,SCHWEIZER AIRCRAFT C
SN7A,SENTEL CORPORATION
SNCA,HUIZENGA HOLDINGS IN
SO5R,COLUMBIA AIR SERVICE
SOCA,SOUTHCENTRAL AIR INC
SOEA,SOUTHERN OUTBOUND AI
SPAA,SIERRA PACIFIC AIRLI
SPDR,SPECIAL PRODUCTS AVI
SQ5R,GAS TURBINE CORP
SQFA,SAFE AIR INTERNATION
SQPA,"PATRICK, SCOTT"
SRAA,SOUTHERN AIR TRANSPO
SRVA,BASLER TURBO CONVERS
SSHA,SUNSHINE HELICOPTERS
ST1R,"DARLING, TOMMY R"
SVBA,SIOUX VALLEY HOSPITA
SWAA,SOUTHWEST AIRLINES C
SWHA,CONQUEST AIRLINES CO
SWIA,SKYWEST AIRLINES INC
SX3R,AERO MECHANICS INC
SYVR,R AND M AIRCRAFT SPE
SZLB,SKYWAYS INTERNATIONA
SZTR,SOUTHWEST HELICOPTER
TA5R,FLIGHT SUPPORT INC
TALA,TRANS AIR LINK CORP
TAOA,SHUTTLE INC
TAPY,TAP AIR PORTUGAL EP
TC8A,TRANS CONTINENTAL AI
TEIL,TENNESSEE GAS PIPELI
TEIR,TENNESSEE GAS PIPELI
TFAA,TRANS FLORIDA AIRLIN
TI1R,OMNIFLIGHT HELICOPTE
TIMA,ALPINE AVIATION INC
TIXA,TRI STAR AIRLINES IN
TJ4R,LEARJET INC
TLXF,TIME AIR INC
TOZR,THOMASON AIRCRAFT CO
TQLR,TYGOR LABORATORIES I
TR1R,E SYSTEMS INC
TRBA,EXECUTIVE AIRLINES I
TRKR,CRAIG AIR CENTER INC
TSAA,ALOHA AIRLINES INC
TTAF,TRINIDAD AND TOBAGO
TTAY,BWIA INTERNATIONAL A
TU3R,AIR SERVICES INTERNA
TUCR,PHARMACIA AND UPJOHN
TUPR,PREMIER JETS COMPLET
TUVR,CHROMALLOY GAS TURBI
TW3R,AIRWELD INC
TWAA,TRANS WORLD AIRLINES
TWAR,TRANS WORLD AIRLINES
TWRA,TOWER AIR INC
TY5R,COASTAL AVIATION IND
UA2R,FAA OFFICE OF AVIATI
UA9R,UNC ACCESSORY SERVIC
UALA,UNITED AIR LINES INC
UATA,ARCTIC TRANSPORTATIO
UAVR,AVIALL INC
UBIA,BASEOPS INTERNATIONA
UC2R,UNIV OF ILLINOIS INS
UCXR,CUSTOM PROPELLER INC
UE3R,BIRD SPACE TECHNOLOG
UEFR,RFINC INC
UF2R,MAXWELL AIRCRAFT SER
UF6A,UFS INC
UFAR,TENNESSEE AIRCRAFT
UG1R,LOUISIANA AIRCRAFT I
UG4R,PINELLAS COUNTY SHER
UGMR,GRUMMAN LOUISIANA OP
UH6R,RAYTHEON AIRCRAFT SE
UHVA,H C L AVIATION INC
UIEA,ATLAS AIR INC
UJ1R,J AND G AERO CARBURE
UJCA,UNITED JET CENTER IN
UJDR,AERO DYNAMICS OF REA
UJJR,JET AVIATION SERVICE
UKJR,ANGOLA AIRCRAFT SERV
ULHF,LAKER AIRWAYS BAHAMA
ULXR,CITY OF LOS ANGELES-
UN7R,UNC ACCESSORY SERVIC
UNER,UNC INC
UO2R,UNC CFC ACQUISITION
UP2R,HOOSIER AIRCRAFT ACC
UP7R,U S PROPELLER SERVIC
UP9R,UNIVERSAL POWER INC
UPNR,"DAVIDS, PAUL R"
UQRR,ROIGWEST INC
US2R,APPROVED AIRCRAFT AC
USAA,USAIR INC
USVA,NATIONS AIR EXPRESS
UU2R,WOODWARD GOVERNOR CO
UUAA,AUTEC RANGE SERVICES
UUXR,LYNAIRE INC
UV5R,QUONSET AIRCRAFT SER
UW4R,CARTER AIRCRAFT INC
V2AR,AVALASKA INC
VA1R,RAM AIRCRAFT CORP
VAIA,AIR ST THOMAS
VD1R,AERO KOOL CORP
VE22,DALLAS AIRMOTIVE INC
VE2R,DALLAS AIRMOTIVE INC
VE3D,CITY OF LOS ANGELES
VE3R,CITY OF LOS ANGELES
VG4R,RAYTHEON AIRCRAFT SE
VG5R,J J AND W AIRCRAFT S
VGMR,GRUMMAN STUART OPERA
VH2R,FAIRCHILD AIRCRAFT S
VH3R,PAULS AIRCRAFT INC
VI5R,AGC INC
VIB2,STEVENS AVIATION INC
VIB3,STEVENS AVIATION INC
VIB4,STEVENS AVIATION
VIB5,STEVENS AVIATION L L
VIB6,STEVENS AVIATION INC
VIBA,STEVENS AVIATION INC
VIBR,STEVENS AVIATION
VIWR,J J GLIDER REPAIR
VJ1R,K C AVIATION INC
VJ3R,AIRLINE TRAINING CEN
VJ6A,VALUJET AIRLINES INC
VJTA,DELLARIA AVIATION IN
VLIA,VIEQUES AIR LINK INC
VLLA,MIAMI VALLEY AVIATIO
VLWA,AIRWAY AIR CHARTER I
VM1R,PASO DEL NORTE AVION
VM4R,MIAMI FIELD SERVICE
VN4R,COMMODORE AVIATION I
VNAA,PSA AIRLINES INC
VNRA,VANAIR INC
VOPR,REGIONAL AIRCRAFT SE
VOVR,AIR ASSOCIATES INC
VOXA,FLIGHT LINE INC
VPDA,PIEDMONT AIR CARGO I
VRXR,CARVER AERO INC
VSTA,VISCOUNT AIR SERVICE
VT3R,GIBBS SERVICE CENTER
VTMR,TOMS AIRCRAFT MAINTE
VTZA,ATLANTIC COAST AIRLI
VU2R,PROCTER AND GAMBLE C
VUMA,KUMULANI AIR INC
VVRA,RMA INC
VWIR,AVIONICS WEST INC
VX2R,UNION CARBIDE CORP
VXWR,COMMONWEALTH AVIATIO
VY2R,WILAIR SERVICES INC
VZMA,AIR EVAC AIR AMBULAN
W6HR,HELICOPTER SERVICES
W6NR,WINNER AVIATION INC
W8PA,WESTERN PACIFIC AIRL
WA2D,PRATT AND WHITNEY OV
WB3R,NI-CAD SYSTEMS INC
WC7R,AIR SERVICES OF CLEV
WCAA,WALKERS AVIATION SER
WD3R,BALLOON EXCELSIOR IN
WD4R,BANYAN AIR SERVICES
WG3R,BIG VALLEY AVIATION
WG4R,M AND M AIRCRAFT SER
WH6A,WHITE CLOUD CHARTER
WIBR,WAL-MART STORES INC
WIPA,AIR RESOURCES HELICO
WIWR,WESTWIND AVIATION IN
WIZR,PACIFIC FLIGHT SERVI
WJCA,WORLD JET CORP
WLCR,PETERSEN AVIATION
WN1R,BYAM PROPELLER SERVI
WNPR,AERO POWER INC
WRLA,WORLD AIRWAYS INC
WRNA,WRANGLER AVIATION IN
WS2R,TMT RESEARCH DEVELOP
WTAA,WESTAIR COMMUTER AIR
WTXR,WEST STAR AVIATION I
WVBA,WARBELOWS AIR VENTUR
WVER,WEST VIRGINIA AEROSP
WWKR,WICK AIR INC
WWMA,WINGS WEST AIRLINES
X5CA,AIR CARGO EXPRESS IN
XA13,UNITED BEECHCRAFT IN
XA1R,RAYTHEON AIRCRAFT SE
XAZR,AZZMAC HELICOPTER CE
XB1R,UNC-CFC AQUISITION C
XBTR,BARRETT PERFORMANCE
XBU8,AIRBUS INDUSTRIES BR
XBUZ,AIRBUS INDUSTRIES SO
XC4R,FUTURE AVIATION INC
XEFR,EXECUTIVE FLIGHT MAN
XEKR,EXECUTIVE WINGS INC
XJ2R,HELICOPTER ACCESSORY
XNJR,NORTHWEST JET SALES
XOUR,TROUTDALE AVIONICS
XPCA,AMERICAN MEDFLIGHT I
XRDR,RADANT TECHNOLOGIES
XX4R,PROPELLER SERVICE OF
XZNR,ARIZONA ROTOR CRAFT
Y2BR,AMERICAN BEECHCRAFT
Y2PA,USA JET AIRLINES INC
YA1R,HOUSTON BALLOON REPA
YAAA,YUTE AIR ALASKA INC
YADA,ALASKA CENTRAL EXPRE
YAGY,AERO BAIRES S A C I
YAUA,CAPITOL AIR EXPRESS
YBJR,AMERICAN BEECHCRAFT
YC6A,YONKERS CONTRACTING
YCTR,ULTIMATE ENGINES INC
YDYR,DYNCORP
YECR,ENGINE COMPONENTS IN
YK1R,ARKANSAS AEROSPACE I
YKER,KEYSTONE ENGINE SERV
YL1R,FALCON JET CORP
YMHR,C M H AVIATION INC
YNOA,NORTH AMERICAN AIR C
YNWR,EXPRESS AIRLINES I I
YQSA,SILVERHAWK AVIATION
YRJR,AIR REGENT INVESTORS
YRRR,DALLAS AIRMOTIVE INC
YSAA,SONIC AIR SYSTEMS IN
YT2R,ROTORCRAFT SUPPORT I
YV3R,ROBINSON HELICOPTER
YV4R,AERO ACCESSORIES INC
YX4R,US PROPELLER SERVICE
YXRR,ROYAL AVIATION SERVI
YXUR,TUCSON AEROSERVICE C
YYBR,BELVIDERE AIRMOTIVE
YYKR,KIM DAVIDSON AVIATIO
ZIAA,ZANTOP INTERNATIONAL
ZJ3R,"WARNER, DENNIS"
ZJ4R,LOCKHEED MARTIN AIRC
ZKGR,ACADIA AIR INC
ZM3R,ARIZONA AIR CRAFTSME
ZUFY,FLS AEROSPACE LIMITE
ZV1R,MOBIL BUSINESS RESOU
ZWZA,WIND SPIRIT AIR INC
ZYNR,SIGNATURE FLIGHT SUP
ZYWA,WEST MICHIGAN AIR CA
ZZBR,BRUCE INDUSTRIES INC
ZZDA,AIRTRAN AIRWAYS INC
ZZGA,AEROJET INC
ZZVA,VIRGINIA AIR CORP
